Volume,Issue,URL
80,1,https://afajof.org/issue/volume-80-issue-1/
79,6,https://afajof.org/issue/volume-79-issue-6/
79,5,https://afajof.org/issue/volume-79-issue-5/
79,4,https://afajof.org/issue/volume-79-issue-4/
79,3,https://afajof.org/issue/volume-79-issue-3/
79,2,https://afajof.org/issue/volume-79-issue-2/
79,1,https://afajof.org/issue/volume-79-issue-1/
78,6,https://afajof.org/issue/volume-78-issue-6/
78,5,https://afajof.org/issue/volume-78-issue-5/
78,4,https://afajof.org/issue/volume-78-issue-4/
78,3,https://afajof.org/issue/volume-78-issue-3/
78,2,https://afajof.org/issue/volume-78-issue-2/
78,1,https://afajof.org/issue/volume-78-issue-1/
77,6,https://afajof.org/issue/volume-77-issue-6/
77,5,https://afajof.org/issue/volume-77-issue-5/
77,4,https://afajof.org/issue/volume-77-issue-4/
77,3,https://afajof.org/issue/volume-77-issue-3/
77,2,https://afajof.org/issue/volume-77-issue-2/
77,1,https://afajof.org/issue/volume-77-issue-1/
76,6,https://afajof.org/issue/volume-76-issue-6/
76,5,https://afajof.org/issue/volume-76-issue-5/
76,4,https://afajof.org/issue/volume-76-issue-4/
76,3,https://afajof.org/issue/volume-76-issue-3/
76,2,https://afajof.org/issue/volume-76-issue-2/
76,1,https://afajof.org/issue/volume-76-issue-1/
75,6,https://afajof.org/issue/volume-75-issue-6/
75,5,https://afajof.org/issue/volume-75-issue-5/
75,4,https://afajof.org/issue/volume-75-issue-4/
75,3,https://afajof.org/issue/volume-75-issue-3/
75,2,https://afajof.org/issue/volume-75-issue-2/
75,1,https://afajof.org/issue/volume-75-issue-1/
74,6,https://afajof.org/issue/volume-74-issue-6/
74,5,https://afajof.org/issue/volume-74-issue-5/
74,4,https://afajof.org/issue/volume-74-issue-4/
74,3,https://afajof.org/issue/volume-74-issue-3/
74,2,https://afajof.org/issue/volume-74-issue-2/
74,1,https://afajof.org/issue/volume-74-issue-1/
73,6,https://afajof.org/issue/volume-73-issue-6/
73,5,https://afajof.org/issue/volume-73-issue-5/
73,4,https://afajof.org/issue/volume-73-issue-4/
73,3,https://afajof.org/issue/volume-73-issue-3/
73,2,https://afajof.org/issue/volume-73-issue-2/
73,1,https://afajof.org/issue/volume-73-issue-1/
72,6,https://afajof.org/issue/volume-72-issue-6/
72,5,https://afajof.org/issue/volume-72-issue-5/
72,4,https://afajof.org/issue/volume-72-issue-4/
72,3,https://afajof.org/issue/volume-72-issue-3/
72,2,https://afajof.org/issue/volume-72-issue-2/
72,1,https://afajof.org/issue/volume-72-issue-1/
71,6,https://afajof.org/issue/volume-71-issue-6/
71,5,https://afajof.org/issue/volume-71-issue-5/
71,4,https://afajof.org/issue/volume-71-issue-4/
71,3,https://afajof.org/issue/volume-71-issue-3/
71,2,https://afajof.org/issue/volume-71-issue-2/
71,1,https://afajof.org/issue/volume-71-issue-1/
70,6,https://afajof.org/issue/volume-70-issue-6/
70,5,https://afajof.org/issue/volume-70-issue-5/
70,4,https://afajof.org/issue/volume-70-issue-4/
70,3,https://afajof.org/issue/volume-70-issue-3/
70,2,https://afajof.org/issue/volume-70-issue-2/
70,1,https://afajof.org/issue/volume-70-issue-1/
69,6,https://afajof.org/issue/volume-69-issue-6/
69,5,https://afajof.org/issue/volume-69-issue-5/
69,4,https://afajof.org/issue/volume-69-issue-4/
69,3,https://afajof.org/issue/volume-69-issue-3/
69,2,https://afajof.org/issue/volume-69-issue-2/
69,1,https://afajof.org/issue/volume-69-issue-1/
68,6,https://afajof.org/issue/volume-68-issue-6/
68,5,https://afajof.org/issue/volume-68-issue-5/
68,4,https://afajof.org/issue/volume-68-issue-4/
68,3,https://afajof.org/issue/volume-68-issue-3/
68,2,https://afajof.org/issue/volume-68-issue-2/
68,1,https://afajof.org/issue/volume-68-issue-1/
67,6,https://afajof.org/issue/volume-67-issue-6/
67,5,https://afajof.org/issue/volume-67-issue-5/
67,4,https://afajof.org/issue/volume-67-issue-4/
67,3,https://afajof.org/issue/volume-67-issue-3/
67,2,https://afajof.org/issue/volume-67-issue-2/
67,1,https://afajof.org/issue/volume-67-issue-1/
66,6,https://afajof.org/issue/volume-66-issue-6/
66,5,https://afajof.org/issue/volume-66-issue-5/
66,4,https://afajof.org/issue/volume-66-issue-4/
66,3,https://afajof.org/issue/volume-66-issue-3/
66,2,https://afajof.org/issue/volume-66-issue-2/
66,1,https://afajof.org/issue/volume-66-issue-1/
65,6,https://afajof.org/issue/volume-65-issue-6/
65,5,https://afajof.org/issue/volume-65-issue-5/
65,4,https://afajof.org/issue/volume-65-issue-4/
65,3,https://afajof.org/issue/volume-65-issue-3/
65,2,https://afajof.org/issue/volume-65-issue-2/
65,1,https://afajof.org/issue/volume-65-issue-1/
64,6,https://afajof.org/issue/volume-64-issue-6/
64,5,https://afajof.org/issue/volume-64-issue-5/
64,4,https://afajof.org/issue/volume-64-issue-4/
64,3,https://afajof.org/issue/volume-64-issue-3/
64,2,https://afajof.org/issue/volume-64-issue-2/
64,1,https://afajof.org/issue/volume-64-issue-1/
63,6,https://afajof.org/issue/volume-63-issue-6/
63,5,https://afajof.org/issue/volume-63-issue-5/
63,4,https://afajof.org/issue/volume-63-issue-4/
63,3,https://afajof.org/issue/volume-63-issue-3/
63,2,https://afajof.org/issue/volume-63-issue-2/
63,1,https://afajof.org/issue/volume-63-issue-1/
62,6,https://afajof.org/issue/volume-62-issue-6/
62,5,https://afajof.org/issue/volume-62-issue-5/
62,4,https://afajof.org/issue/volume-62-issue-4/
62,3,https://afajof.org/issue/volume-62-issue-3/
62,2,https://afajof.org/issue/volume-62-issue-2/
62,1,https://afajof.org/issue/volume-62-issue-1/
61,6,https://afajof.org/issue/volume-61-issue-6/
61,5,https://afajof.org/issue/volume-61-issue-5/
61,4,https://afajof.org/issue/volume-61-issue-4/
61,3,https://afajof.org/issue/volume-61-issue-3/
61,2,https://afajof.org/issue/volume-61-issue-2/
61,1,https://afajof.org/issue/volume-61-issue-1/
60,6,https://afajof.org/issue/volume-60-issue-6/
60,5,https://afajof.org/issue/volume-60-issue-5/
60,4,https://afajof.org/issue/volume-60-issue-4/
60,3,https://afajof.org/issue/volume-60-issue-3/
60,2,https://afajof.org/issue/volume-60-issue-2/
60,1,https://afajof.org/issue/volume-60-issue-1/
59,6,https://afajof.org/issue/volume-59-issue-6/
59,5,https://afajof.org/issue/volume-59-issue-5/
59,4,https://afajof.org/issue/volume-59-issue-4/
59,3,https://afajof.org/issue/volume-59-issue-3/
59,2,https://afajof.org/issue/volume-59-issue-2/
59,1,https://afajof.org/issue/volume-59-issue-1/
58,6,https://afajof.org/issue/volume-58-issue-6/
58,5,https://afajof.org/issue/volume-58-issue-5/
58,4,https://afajof.org/issue/volume-58-issue-4/
58,3,https://afajof.org/issue/volume-58-issue-3/
58,2,https://afajof.org/issue/volume-58-issue-2/
58,1,https://afajof.org/issue/volume-58-issue-1/
57,6,https://afajof.org/issue/volume-57-issue-6/
57,5,https://afajof.org/issue/volume-57-issue-5/
57,4,https://afajof.org/issue/volume-57-issue-4/
57,3,https://afajof.org/issue/volume-57-issue-3/
57,2,https://afajof.org/issue/volume-57-issue-2/
57,1,https://afajof.org/issue/volume-57-issue-1/
56,6,https://afajof.org/issue/volume-56-issue-6/
56,5,https://afajof.org/issue/volume-56-issue-5/
56,4,https://afajof.org/issue/volume-56-issue-4/
56,3,https://afajof.org/issue/volume-56-issue-3/
56,2,https://afajof.org/issue/volume-56-issue-2/
56,1,https://afajof.org/issue/volume-56-issue-1/
55,6,https://afajof.org/issue/volume-55-issue-6/
55,5,https://afajof.org/issue/volume-55-issue-5/
55,4,https://afajof.org/issue/volume-55-issue-4/
55,3,https://afajof.org/issue/volume-55-issue-3/
55,2,https://afajof.org/issue/volume-55-issue-2/
55,1,https://afajof.org/issue/volume-55-issue-1/
54,6,https://afajof.org/issue/volume-54-issue-6/
54,5,https://afajof.org/issue/volume-54-issue-5/
54,4,https://afajof.org/issue/volume-54-issue-4/
54,3,https://afajof.org/issue/volume-54-issue-3/
54,2,https://afajof.org/issue/volume-54-issue-2/
54,1,https://afajof.org/issue/volume-54-issue-1/
53,6,https://afajof.org/issue/volume-53-issue-6/
53,5,https://afajof.org/issue/volume-53-issue-5/
53,4,https://afajof.org/issue/volume-53-issue-4/
53,3,https://afajof.org/issue/volume-53-issue-3/
53,2,https://afajof.org/issue/volume-53-issue-2/
53,1,https://afajof.org/issue/volume-53-issue-1/
52,5,https://afajof.org/issue/volume-52-issue-5/
52,4,https://afajof.org/issue/volume-52-issue-4/
52,3,https://afajof.org/issue/volume-52-issue-3/
52,2,https://afajof.org/issue/volume-52-issue-2/
52,1,https://afajof.org/issue/volume-52-issue-1/
51,5,https://afajof.org/issue/volume-51-issue-5/
51,4,https://afajof.org/issue/volume-51-issue-4/
51,3,https://afajof.org/issue/volume-51-issue-3/
51,2,https://afajof.org/issue/volume-51-issue-2/
51,1,https://afajof.org/issue/volume-51-issue-1/
50,5,https://afajof.org/issue/volume-50-issue-5/
50,4,https://afajof.org/issue/volume-50-issue-4/
50,3,https://afajof.org/issue/volume-50-issue-3/
50,2,https://afajof.org/issue/volume-50-issue-2/
50,1,https://afajof.org/issue/volume-50-issue-1/
49,5,https://afajof.org/issue/volume-49-issue-5/
49,4,https://afajof.org/issue/volume-49-issue-4/
49,3,https://afajof.org/issue/volume-49-issue-3/
49,2,https://afajof.org/issue/volume-49-issue-2/
49,1,https://afajof.org/issue/volume-49-issue-1/
48,5,https://afajof.org/issue/volume-48-issue-5/
48,4,https://afajof.org/issue/volume-48-issue-4/
48,3,https://afajof.org/issue/volume-48-issue-3/
48,2,https://afajof.org/issue/volume-48-issue-2/
48,1,https://afajof.org/issue/volume-48-issue-1/
47,5,https://afajof.org/issue/volume-47-issue-5/
47,4,https://afajof.org/issue/volume-47-issue-4/
47,3,https://afajof.org/issue/volume-47-issue-3/
47,2,https://afajof.org/issue/volume-47-issue-2/
47,1,https://afajof.org/issue/volume-47-issue-1/
46,5,https://afajof.org/issue/volume-46-issue-5/
46,4,https://afajof.org/issue/volume-46-issue-4/
46,3,https://afajof.org/issue/volume-46-issue-3/
46,2,https://afajof.org/issue/volume-46-issue-2/
46,1,https://afajof.org/issue/volume-46-issue-1/
45,5,https://afajof.org/issue/volume-45-issue-5/
45,4,https://afajof.org/issue/volume-45-issue-4/
45,3,https://afajof.org/issue/volume-45-issue-3/
45,2,https://afajof.org/issue/volume-45-issue-2/
45,1,https://afajof.org/issue/volume-45-issue-1/
44,5,https://afajof.org/issue/volume-44-issue-5/
44,4,https://afajof.org/issue/volume-44-issue-4/
44,3,https://afajof.org/issue/volume-44-issue-3/
44,2,https://afajof.org/issue/volume-44-issue-2/
44,1,https://afajof.org/issue/volume-44-issue-1/
43,5,https://afajof.org/issue/volume-43-issue-5/
43,4,https://afajof.org/issue/volume-43-issue-4/
43,3,https://afajof.org/issue/volume-43-issue-3/
43,2,https://afajof.org/issue/volume-43-issue-2/
43,1,https://afajof.org/issue/volume-43-issue-1/
42,5,https://afajof.org/issue/volume-42-issue-5/
42,4,https://afajof.org/issue/volume-42-issue-4/
42,3,https://afajof.org/issue/volume-42-issue-3/
42,2,https://afajof.org/issue/volume-42-issue-2/
42,1,https://afajof.org/issue/volume-42-issue-1/
41,5,https://afajof.org/issue/volume-41-issue-5/
41,4,https://afajof.org/issue/volume-41-issue-4/
41,3,https://afajof.org/issue/volume-41-issue-3/
41,2,https://afajof.org/issue/volume-41-issue-2/
41,1,https://afajof.org/issue/volume-41-issue-1/
40,5,https://afajof.org/issue/volume-40-issue-5/
40,4,https://afajof.org/issue/volume-40-issue-4/
40,3,https://afajof.org/issue/volume-40-issue-3/
40,2,https://afajof.org/issue/volume-40-issue-2/
40,1,https://afajof.org/issue/volume-40-issue-1/
39,5,https://afajof.org/issue/volume-39-issue-5/
39,4,https://afajof.org/issue/volume-39-issue-4/
39,3,https://afajof.org/issue/volume-39-issue-3/
39,2,https://afajof.org/issue/volume-39-issue-2/
39,1,https://afajof.org/issue/volume-39-issue-1/
38,5,https://afajof.org/issue/volume-38-issue-5/
38,4,https://afajof.org/issue/volume-38-issue-4/
38,3,https://afajof.org/issue/volume-38-issue-3/
38,2,https://afajof.org/issue/volume-38-issue-2/
38,1,https://afajof.org/issue/volume-38-issue-1/
37,5,https://afajof.org/issue/volume-37-issue-5/
37,4,https://afajof.org/issue/volume-37-issue-4/
37,3,https://afajof.org/issue/volume-37-issue-3/
37,2,https://afajof.org/issue/volume-37-issue-2/
37,1,https://afajof.org/issue/volume-37-issue-1/
36,5,https://afajof.org/issue/volume-36-issue-5/
36,4,https://afajof.org/issue/volume-36-issue-4/
36,3,https://afajof.org/issue/volume-36-issue-3/
36,2,https://afajof.org/issue/volume-36-issue-2/
36,1,https://afajof.org/issue/volume-36-issue-1/
35,5,https://afajof.org/issue/volume-35-issue-5/
35,4,https://afajof.org/issue/volume-35-issue-4/
35,3,https://afajof.org/issue/volume-35-issue-3/
35,2,https://afajof.org/issue/volume-35-issue-2/
35,1,https://afajof.org/issue/volume-35-issue-1/
34,5,https://afajof.org/issue/volume-34-issue-5/
34,4,https://afajof.org/issue/volume-34-issue-4/
34,3,https://afajof.org/issue/volume-34-issue-3/
34,2,https://afajof.org/issue/volume-34-issue-2/
34,1,https://afajof.org/issue/volume-34-issue-1/
33,5,https://afajof.org/issue/volume-33-issue-5/
33,4,https://afajof.org/issue/volume-33-issue-4/
33,3,https://afajof.org/issue/volume-33-issue-3/
33,2,https://afajof.org/issue/volume-33-issue-2/
33,1,https://afajof.org/issue/volume-33-issue-1/
32,5,https://afajof.org/issue/volume-32-issue-5/
32,4,https://afajof.org/issue/volume-32-issue-4/
32,3,https://afajof.org/issue/volume-32-issue-3/
32,2,https://afajof.org/issue/volume-32-issue-2/
32,1,https://afajof.org/issue/volume-32-issue-1/
31,5,https://afajof.org/issue/volume-31-issue-5/
31,4,https://afajof.org/issue/volume-31-issue-4/
31,3,https://afajof.org/issue/volume-31-issue-3/
31,2,https://afajof.org/issue/volume-31-issue-2/
31,1,https://afajof.org/issue/volume-31-issue-1/
30,5,https://afajof.org/issue/volume-30-issue-5/
30,4,https://afajof.org/issue/volume-30-issue-4/
30,3,https://afajof.org/issue/volume-30-issue-3/
30,2,https://afajof.org/issue/volume-30-issue-2/
30,1,https://afajof.org/issue/volume-30-issue-1/
29,5,https://afajof.org/issue/volume-29-issue-5/
29,4,https://afajof.org/issue/volume-29-issue-4/
29,3,https://afajof.org/issue/volume-29-issue-3/
29,2,https://afajof.org/issue/volume-29-issue-2/
29,1,https://afajof.org/issue/volume-29-issue-1/
28,5,https://afajof.org/issue/volume-28-issue-5/
28,4,https://afajof.org/issue/volume-28-issue-4/
28,3,https://afajof.org/issue/volume-28-issue-3/
28,2,https://afajof.org/issue/volume-28-issue-2/
28,1,https://afajof.org/issue/volume-28-issue-1/
27,5,https://afajof.org/issue/volume-27-issue-5/
27,4,https://afajof.org/issue/volume-27-issue-4/
27,3,https://afajof.org/issue/volume-27-issue-3/
27,2,https://afajof.org/issue/volume-27-issue-2/
27,1,https://afajof.org/issue/volume-27-issue-1/
26,5,https://afajof.org/issue/volume-26-issue-5/
26,4,https://afajof.org/issue/volume-26-issue-4/
26,3,https://afajof.org/issue/volume-26-issue-3/
26,2,https://afajof.org/issue/volume-26-issue-2/
26,1,https://afajof.org/issue/volume-26-issue-1/
25,5,https://afajof.org/issue/volume-25-issue-5/
25,4,https://afajof.org/issue/volume-25-issue-4/
25,3,https://afajof.org/issue/volume-25-issue-3/
25,2,https://afajof.org/issue/volume-25-issue-2/
25,1,https://afajof.org/issue/volume-25-issue-1/
24,5,https://afajof.org/issue/volume-24-issue-5/
24,4,https://afajof.org/issue/volume-24-issue-4/
24,3,https://afajof.org/issue/volume-24-issue-3/
24,2,https://afajof.org/issue/volume-24-issue-2/
24,1,https://afajof.org/issue/volume-24-issue-1/
23,5,https://afajof.org/issue/volume-23-issue-5/
23,4,https://afajof.org/issue/volume-23-issue-4/
23,3,https://afajof.org/issue/volume-23-issue-3/
23,2,https://afajof.org/issue/volume-23-issue-2/
23,1,https://afajof.org/issue/volume-23-issue-1/
22,4,https://afajof.org/issue/volume-22-issue-4/
22,3,https://afajof.org/issue/volume-22-issue-3/
22,2,https://afajof.org/issue/volume-22-issue-2/
22,1,https://afajof.org/issue/volume-22-issue-1/
21,4,https://afajof.org/issue/volume-21-issue-4/
21,3,https://afajof.org/issue/volume-21-issue-3/
21,2,https://afajof.org/issue/volume-21-issue-2/
21,1,https://afajof.org/issue/volume-21-issue-1/
20,4,https://afajof.org/issue/volume-20-issue-4/
20,3,https://afajof.org/issue/volume-20-issue-3/
20,2,https://afajof.org/issue/volume-20-issue-2/
20,1,https://afajof.org/issue/volume-20-issue-1/
19,4,https://afajof.org/issue/volume-19-issue-4/
19,3,https://afajof.org/issue/volume-19-issue-3/
19,2,https://afajof.org/issue/volume-19-issue-2/
19,1,https://afajof.org/issue/volume-19-issue-1/
18,4,https://afajof.org/issue/volume-18-issue-4/
18,3,https://afajof.org/issue/volume-18-issue-3/
18,2,https://afajof.org/issue/volume-18-issue-2/
18,1,https://afajof.org/issue/volume-18-issue-1/
17,4,https://afajof.org/issue/volume-17-issue-4/
17,3,https://afajof.org/issue/volume-17-issue-3/
17,2,https://afajof.org/issue/volume-17-issue-2/
17,1,https://afajof.org/issue/volume-17-issue-1/
16,4,https://afajof.org/issue/volume-16-issue-4/
16,3,https://afajof.org/issue/volume-16-issue-3/
16,2,https://afajof.org/issue/volume-16-issue-2/
16,1,https://afajof.org/issue/volume-16-issue-1/
15,4,https://afajof.org/issue/volume-15-issue-4/
15,3,https://afajof.org/issue/volume-15-issue-3/
15,2,https://afajof.org/issue/volume-15-issue-2/
15,1,https://afajof.org/issue/volume-15-issue-1/
14,4,https://afajof.org/issue/volume-14-issue-4/
14,3,https://afajof.org/issue/volume-14-issue-3/
14,2,https://afajof.org/issue/volume-14-issue-2/
14,1,https://afajof.org/issue/volume-14-issue-1/
13,4,https://afajof.org/issue/volume-13-issue-4/
13,3,https://afajof.org/issue/volume-13-issue-3/
13,2,https://afajof.org/issue/volume-13-issue-2/
13,1,https://afajof.org/issue/volume-13-issue-1/
12,4,https://afajof.org/issue/volume-12-issue-4/
12,3,https://afajof.org/issue/volume-12-issue-3/
12,2,https://afajof.org/issue/volume-12-issue-2/
12,1,https://afajof.org/issue/volume-12-issue-1/
11,4,https://afajof.org/issue/volume-11-issue-4/
11,3,https://afajof.org/issue/volume-11-issue-3/
11,2,https://afajof.org/issue/volume-11-issue-2/
11,1,https://afajof.org/issue/volume-11-issue-1/
10,4,https://afajof.org/issue/volume-10-issue-4/
10,3,https://afajof.org/issue/volume-10-issue-3/
10,2,https://afajof.org/issue/volume-10-issue-2/
10,1,https://afajof.org/issue/volume-10-issue-1/
9,4,https://afajof.org/issue/volume-9-issue-4/
9,3,https://afajof.org/issue/volume-9-issue-3/
9,2,https://afajof.org/issue/volume-9-issue-2/
9,1,https://afajof.org/issue/volume-9-issue-1/
8,4,https://afajof.org/issue/volume-8-issue-4/
8,3,https://afajof.org/issue/volume-8-issue-3/
8,2,https://afajof.org/issue/volume-8-issue-2/
8,1,https://afajof.org/issue/volume-8-issue-1/
7,4,https://afajof.org/issue/volume-7-issue-4/
7,3,https://afajof.org/issue/volume-7-issue-3/
7,2,https://afajof.org/issue/volume-7-issue-2/
7,1,https://afajof.org/issue/volume-7-issue-1/
6,4,https://afajof.org/issue/volume-6-issue-4/
6,3,https://afajof.org/issue/volume-6-issue-3/
6,2,https://afajof.org/issue/volume-6-issue-2/
6,1,https://afajof.org/issue/volume-6-issue-1/
5,4,https://afajof.org/issue/volume-5-issue-4/
5,3,https://afajof.org/issue/volume-5-issue-3/
5,2,https://afajof.org/issue/volume-5-issue-2/
5,1,https://afajof.org/issue/volume-5-issue-1/
4,4,https://afajof.org/issue/volume-4-issue-4/
4,3,https://afajof.org/issue/volume-4-issue-3/
4,2,https://afajof.org/issue/volume-4-issue-2/
4,1,https://afajof.org/issue/volume-4-issue-1/
3,3,https://afajof.org/issue/volume-3-issue-3/
3,2,https://afajof.org/issue/volume-3-issue-2/
3,1,https://afajof.org/issue/volume-3-issue-1/
2,2,https://afajof.org/issue/volume-2-issue-2/
2,1,https://afajof.org/issue/volume-2-issue-1/
1,1,https://afajof.org/issue/volume-1-issue-1/
